Serial Number,Descripción
C34G6N9GQ3,"MacBook Pro (16-inch, 2021) "
MJ61WFX7HC,"MacBook Pro (16-inch, 2021) "
DVWG4QMF33,"MacBook Pro (16-inch, 2021) "
WVF330J4XC,"MacBook Pro (14-inch, 2021) "
C02G44ASML85,MacBook Pro 13
C02FF4EUML85,MacBook Pro 13
C02FN5GFML85,MacBook Pro 13
C02DT48AML85,MacBook Pro 13
C02GD5RRML85,MacBook Pro 13
C02D25ZWML85,MacBook Pro 13
C02G667AML85,MacBook Pro 13
C02FK1M2MD6R,"MacBook Pro (16-inch, 2019) "
C02FF4YWMD6R,"MacBook Pro (16-inch, 2019) "
C02FM0C9MD6R,"MacBook Pro (16-inch, 2019) "
C02F144DMD6R,"MacBook Pro (16-inch, 2019) "
C02G8AARMD6R,"MacBook Pro (16-inch, 2019) "
C02FK1LJMD6R,"MacBook Pro (16-inch, 2019) "
C02FF4YNMD6R,"MacBook Pro (16-inch, 2019) "
C02F143TMD6R,"MacBook Pro (16-inch, 2019) "
C02G933LMD6R,"MacBook Pro (16-inch, 2019) "
C02FN4C4MD6R,"MacBook Pro (16-inch, 2019) "
C02G933DMD6R,"MacBook Pro (16-inch, 2019) "
DPFJ4CY9Q7,"MacBook Pro (16-inch, 2021) "
DR24T5V6MG,"MacBook Pro (16-inch, 2021) "
C02ZH6TKLVDQ,"MacBook Pro (15-inch, 2019) "
C02C37FUMD6N,"MacBook Pro (16-inch, 2019) "
C02YH1YBJGH6,"MacBook Pro (15-inch, 2018) "
C02YH1YCJGH6,"MacBook Pro (15-inch, 2018) "
C02FD0SKMD6R,"MacBook Pro (16-inch, 2019) "
C02Z77Y0LVDQ,Apple-MacBook-Pro 15
C02ZL0PDLVDQ,Apple-MacBook-Pro 15
C02F51RBML85,"MacBook Pro (13-inch, M1, 2020) "
FVFGF2L7Q05N,"MacBook Pro (13-inch, M1, 2020) "
C02F50JLML85,"MacBook Pro (13-inch, M1, 2020) "
C02G666ZML85,"MacBook Pro (13-inch, M1, 2020) "
C02G44PHML85,"MacBook Pro (13-inch, M1, 2020) "
C02FN5E3ML85,Apple-MacBook-Pro 13
FVFGF2N0Q05N,Apple-MacBook-Pro 13
C02C34NKMD6N,Apple-MacBook-Pro 16
C02DR7CFMD6R,Apple-MacBook-Pro 16
C02FK1LHMD6R,Apple-MacBook-Pro 16
C02GD3QHMD6R,Apple-MacBook-Pro 16
C02G8AARMD6R,Apple-MacBook-Pro 16
C02C42GZMD6N,Apple-MacBook-Pro 16
C02F144CMD6R,Apple-MacBook-Pro 16
C02C34J2MD6N,Apple-MacBook-Pro 16
C02DL8GUMD6R,Apple-MacBook-Pro 16
C02DT47RML85,"MacBook Pro (13-inch, 2020, Four Thunderbolt 3 ports) "
C02G9334MD6R,"MacBook Pro (16-inch, 2021) "
C02G933QMD6R,"MacBook Pro (16-inch, 2021) "
C02GD3QBMD6R,"MacBook Pro (16-inch, 2021) "
C02GD3QGMD6R,"MacBook Pro (16-inch, 2021) "
C02FM0BXMD6R,"MacBook Pro (16-inch, 2021) "
C02FF4Z4MD6R,"MacBook Pro (16-inch, 2021) "
C02Z823ULVDQ,"MacBook Pro (15-inch, 2019) "
C02G666XML85,"MacBook Pro (13-inch, 2020, Four Thunderbolt 3 ports) "
C02CK50HMD6R,"MacBook Pro (16-inch, 2019) "
C02FF4YVMD6R,"MacBook Pro (16-inch, 2019) "
C02C34Q2MD6N,"MacBook Pro (16-inch, 2019) "
C02G42EDMD6R,"MacBook Pro (16-inch, 2019) "
C02DR7BLMD6R,"MacBook Pro (16-inch, 2019) "
C02FL34WMD6R,"MacBook Pro (16-inch, 2019) "
C02G666NML85,Apple-MacBook-Pro 13
C02DT47XML85,"MacBook Pro (13-inch, 2020, Four Thunderbolt 3 ports) "
C02GD5FBMD6R,"MacBook Pro (16-inch, 2019) "
C02F143MMD6R,"MacBook Pro (16-inch, 2019) "
C02C34JRMD6N,"MacBook Pro (16-inch, 2019) "
C02DT480ML85,"MacBook Pro (13-inch, 2020, Four Thunderbolt 3 ports) "
C02WX85UJG5J,"MacBook Pro (15-inch, 2018) "
C02CK50EMD6R,AppleMacBook-Pro 16 TB
C02X1BKPJG5J,"MacBook Pro (15-inch, 2018) "
C02YH1YKJGH6,"MacBook Pro (15-inch, 2018) "
C02XD6A0JG5J,"MacBook Pro (15-inch, 2018) "
C02Z40BSLVDQ,Apple-MacBook-Pro 15 TB
C02XQ4FLJG5J,Apple-MacBook-Pro 15 TB-C02XQ4FLJG5J
C02X82MZJG5M,Apple-MacBook-Pro 15 TB
C02WL2LYHV2R,Apple-MacBook-Pro 13
C02CK50DMD6R,Apple-MacBook-Pro 16 TB
C02XQ4H9JG5J,Apple-MacBook-Pro 15 TB
C02X2J42JG5J,"MacBook Pro (15-inch, 2018) "
C02C34T9MD6N,Apple-MacBook-Pro 16 TB
C02Z8242LVDQ,"MacBook Pro (15-inch, 2019) "
C02ZL0PSLVDQ,Apple-MacBook-Pro 15 TB
HJ4WQKV3Q1,Apple-MacBook-Pro 16 TB
C02FD0CVMD6R,Apple-MacBook-Pro 16 TB
C02F1443MD6R,Apple-MacBook-Pro 16 TB
C02FD11PMD6R,Apple-MacBook-Pro 16 TB
C02TK3CDGTFM,Apple-MacBook-Pro 15 TB
C02DR7BVMD6R,Apple-MacBook-Pro 16 TB
C02G9342MD6R,Apple-MacBook-Pro 16 TB
C02DR7CCMD6R,Apple-MacBook-Pro 16 TB
C02DR7BMMD6R,Apple-MacBook-Pro 16 TB
C02FM0BJMD6R,Apple-MacBook-Pro 16 TB
RJ2XFXJ121,Apple-MacBook-Pro 14 M1
YGWRHH620K,Apple-MacBook-Pro 14 M1
C02QDD7GG8WN,Apple-MacBook-Pro15
C02DL8GKMD6R,Apple MacBook-Pro 16 TB
C02F51RKML85,MacBook Pro 13
C02G667EML85,MacBook Pro 13
C02CK502MD6R,Apple-MacBook-Pro 16 TB
C02ZH6TTLVDQ,Apple-MacBook-Pro 15 TB
C02DR7BQMD6R,"Apple-MacBook-Pro 16 TB, MacBook-Pro 16 TB "
C02DR7C5MD6R,"Apple-MacBook-Pro 16 TB, MacBook-Pro 16 TB "
C02FC5QUMD6R,Apple-MacBook-Pro 16
C02CK50GMD6R,Apple-MacBook-Pro 16
C02DR7CMMD6R,Apple-MacBook-Pro 16
C02DR7C2MD6R,Apple-MacBook-Pro 16
C02DR7CKMD6R,Apple-MacBook-Pro 16
C02FM0CPMD6R,Apple-MacBook-Pro 16
C02D6006MD6R,Apple-MacBook-Pro 16
C02FL3F0ML85,MacBook-Pro 13
C02Z53TRLVDQ,Apple-MacBook-Pro 15
C02XQ2Z0JG5J,Apple-MacBook-Pro 15
C02SH1XDG8WP,Apple-MacBook-Pro 15
C02DT48QML85,Apple-MacBook-Pro 13 TB
C02FF4DLML85,Apple-MacBook-Pro 13 TB
C02VT2MCHV2R,Apple-MacBook-Pro 13 TB- / Serial:C02VT2MCHV2R
C02FN5E0ML85,Apple-MacBook-Pro 13 TB- / Serial:C02VT2MCHV2R
Y5W3R26L41,Apple-MacBook-Pro 13 TB- / Serial:C02VT2MCHV2R
C02DR7BXMD6R,Apple-MacBook-Pro 16 TB
C02FD0CWMD6R,Apple-MacBook-Pro 16 TB
C02DD20YMD6R,Apple-MacBook-Pro 16 TB
C02G933NMD6R,Apple-MacBook-Pro 16 TB
C02ZL0PLLVDQ,Apple MacBook-Pro 15 TB
C02SH3GKG8WP,Apple MacBook-Pro 15 TB
C02FN5DEML85,Apple-MacBook-Pro13 TB
C02DT48CML85,Apple-MacBook-Pro13 TB
C02CK50BMD6R,Apple-MacBook-Pro 16
C02DD4A6MD6R,Apple-MacBook-Pro 16
C02FN8J3MD6R,Apple-MacBook-Pro 16
C02FD0AKMD6R,Apple-MacBook-Pro 16
C02F144EMD6R,Apple-MacBook-Pro 16
C02GD3QEMD6R,Apple-MacBook-Pro 16
C02FN5E2ML85,Apple-MacBook-Pro 13
C02G6677ML85,Apple-MacBook-Pro 13
C02YH1Y6JGH6,Apple-MacBook-Pro 15 TB
C02XC7ZVJG5J,Apple-MacBook-Pro 15 TB
C02TK0EMGTFM,Apple-MacBook-Pro 15 TB
C02V41BGG8WL,Apple-MacBook-Pro 15 TB
C02ZL0PWLVDQ,Apple-MacBook-Pro 15 TB
MPCJ7QV3QH,Apple-MacBook-Pro 16 M3 / Serial:K0CWTXKVKW
C02FD0SPMD6R,Apple-MacBook-Pro 16 TB
C02FD09EMD6R,Apple-MacBook-Pro 16 TB
C02G933PMD6R,Apple-MacBook-Pro 16 TB
HJ7CY0H79G,Apple-MacBook-Pro 14 M1
J96NF2MPK7,Apple-MacBook-Pro 14 M1
C02F1448MD6R,MacBook Pro 16-inch 2019
C02DR8CYMD6R,MacBook Pro 16-inch 2019
C02Z53U0LVDQ,MacBook Pro 15-inch 2019
C02XC9FNJG5J,MacBook Pro 15-inch 2018
C02C85Q2MD6R,MacBook Pro 16-inch 2019
C02X194FJG5J,MacBook-Pro 15-inch 2018
C02Y566UJG5J,MacBook-Pro 15-inch 2018
C02XCC86JG5J,MacBook-Pro 15-inch 2018
C02DL8GJMD6R,MacBook-Pro 16
C02FF4YSMD6R,MacBook-Pro 16
C02G666QML85,MacBook Pro 13-inch 2020 Four Thunderbolt 3 ports
C02FN5DRML85,MacBook Pro 13-inch 2020 Four Thunderbolt 3 ports
C02F50FRML85,MacBook Pro 13-inch 2020 Four Thunderbolt 3 ports
C02FM0BCMD6R,MacBook-Pro 16
C02F51RUML85,MacBook-Pro 13
C02Z40A9LVDQ,MacBook-Pro 15
C02FM0BMMD6R,MacBook-Pro 16
C02G4301ML85,MacBook-Pro 13
C02FF4Z2MD6R,MacBook-Pro 16
C02FM0CLMD6R,MacBook-Pro 16
C02FR1QQMD6V,MacBook-Pro 16
C02FM0C7MD6R,MacBook-Pro 16
C02G95R0MD6R,MacBook-Pro 16
C02X86FDJG5J,MacBook-Pro 15
C02DR9UHMD6R,Apple-MacBook-Pro 16
C02DR7C8MD6R,MacBook-Pro 16 TB
C02FF4Z1MD6R,MacBook-Pro 16
C02DR7BPMD6R,MacBook-Pro 16 TB
C02C85Q6MD6R,MacBook-Pro 16 TB
C02DR7BNMD6R,MacBook-Pro 16 TB
C02GD3QCMD6R,MacBook-Pro 16 TB
C02C30D8MD6V,MacBook-Pro 16 TB
C02DR7C6MD6R,MacBook-Pro 16 TB
C02C34QZMD6N,MacBook-Pro 16 TB
C02DR7CHMD6R,MacBook-Pro 16 TB
C02DL8GVMD6R,MacBook-Pro 16 TB
C02DD4A2MD6R,MacBook-Pro 16
C02GD3PYMD6R,MacBook-Pro 16 TB
TW32LN6MKV,MacBook-Pro 16 M1
C02FD11NMD6R,Apple-MacBook-Pro 16
C02YH1YEJGH6,MacBook-Pro 15
C02FD0SQMD6R,MacBook-Pro 16
C02Z53TZLVDQ,MacBook-Pro 15
C02ZH7C9LVDQ,MacBook-Pro 15 TB
C02ZH6TGLVDQ,MacBook-Pro 15 TB
C02DT487ML85,"MacBook Pro (13-inch, 2020, Four Thunderbolt 3 ports) "
C02X86HGJG5J,MacBook-Pro 15 TB
C02GD3PZMD6,MacBook-Pro 16 TB
C02DR7BXMD6R,Apple-MacBook-Pro 16 TB
C02G933NMD6R,Apple-MacBook-Pro 16 TB
Apple-MacBook-Pro 16,Apple-MacBook-Pro 16
C02FD08JMD6R,Apple-MacBook-Pro 16
L7DHCD9V5P,Apple-MacBook-Pro 16 M1
C02GD3Q4MD6R,MacBook-Pro 16
C02CK504MD6R,MacBook-Pro 16
C02G933RMD6R,MacBook-Pro 16
C02Z823VLVDQ,MacBook-Pro 15
C02F1441MD6R,MacBook-Pro 16
C02G933SMD6R,MacBook-Pro 16 TB
C02G9336MD6R,MacBook-Pro 16
C02DL8GWMD6R,MacBook-Pro 16
C02ZKKH4MD6M,MacBook-Pro 16
K09X767Y3G,MacBook Pro 16 CTO M3
Z1AF001A7,P54376
C02GD3PWMD6R,MacBook-Pro 16
C02FP6ZKMD6R,MacBook-Pro 16
C02Y54BBJHD2,Apple-MacBook-Pro 13
C02CK4ZZMD6R,Apple-MacBook-Pro 16 TB
C02DT485ML85,Apple-MacBook-Pro 13
C02GD3PUMD6R,Apple-MacBook-Pro 16
C02CK50FMD6R,Apple-MacBook-Pro 16
C02G933UMD6R,Apple-MacBook-Pro 16
C02G932ZMD6R,Apple-MacBook-Pro 16 TB
C02DR7CCMD6R,"Apple-MacBook-Pro 16 From De Achaval, Gonzalo / EOL "
C02G9330MD6R,MacBook-Pro 16
C02DT474ML85,Apple-MacBook-Pro 13
C02F144BMD6R,Apple-MacBook-Pro 16
C02ZH6TPLVDQ,Apple-MacBook-Pro 15
C02G933HMD6R,Apple-MacBook-Pro 16
C02FM0BUMD6R,Apple-MacBook-Pro 16 TB
C02CK506MD6R,Apple-MacBook-Pro 16
C02GD3Q5MD6R,Apple-MacBook-Pro 16
C02ZH6TELVDQ,Apple-MacBook-Pro 15
C02G933VMD6R,Apple-MacBook-Pro 16
C02FM9B3MD6R,MacBook-Pro 16 TB
C02DQ8RVMD6R,MacBook-Pro 16 TB
C02FF4YZMD6R,Apple-MacBook-Pro 16
C02FF4DNML85,Apple-MacBook-Pro 13
C02G42EAMD6R,Apple-MacBook-Pro 16
C02DL8GTMD6R,"MacBook Pro (16-inch, 2019) "
C02F143RMD6R,"MacBook Pro (16-inch, 2019) "
C02CK4ZYMD6R,Apple-MacBook-Pro 16
C02FF4YTMD6R,Apple-MacBook-Pro 16
C02F143YMD6R,MacBook-Pro 16
C02C34K3MD6N,MacBook-Pro 16
C02YH1XCJGH6,MacBook-Pro 15
C02FL351MD6R,MacBook-Pro 16
C02F143UMD6R,Apple-MacBook-Pro 16
C02FM0BLMD6R,Apple-MacBook-Pro 16
C02C443ZMD6N,Apple-MacBook-Pro 16
C02DR7CEMD6R,Apple-MacBook-Pro 16
C02FF4Z0MD6R,Apple-MacBook-Pro 16
C02FD08NMD6R,Apple-MacBook-Pro 16
C02FM2S5ML87,Apple-MacBook-Pro 13 TB
C02FD70HMD6R,Apple-MacBook-Pro 16
C02F143NMD6R,Apple-MacBook-Pro 16 TB
C02FF4Z5MD6R,Apple-MacBook-Pro 16
C02CK4ZWMD6R,Apple-MacBook-Pro 16
C02F144AMD6R,Apple-MacBook-Pro 16
C02DD4A4MD6R,Apple-MacBook-Pro 16
C02F50ZEML85,Apple-MacBook-Pro 13
C02DR7C0MD6R,Apple-MacBook-Pro 16
C02FM0BHMD6R,Apple-MacBook-Pro 16
C02FM0C3MD6R,Apple-MacBook-Pro 16
C02GD5DYMD6R,Apple-MacBook-Pro 16
C02XQ2ZEJG5J,Apple-MacBook-Pro 15
C02FK1LKMD6R,Apple-MacBook-Pro 16
C02F143NMD6R,Apple-MacBook-Pro 16 TB
C02CK50ZMD6R,Apple-MacBook-Pro 16 TB-
C02G9332MD6R,Apple-MacBook-Pro 16
C02DD49WMD6R,Apple-MacBook-Pro 16 T
C02GD3PXMD6R,Apple-MacBook-Pro 16 TB
C02FL354MD6R,Apple-MacBook-Pro 16 TB
C02FM0BPMD6R,Apple-MacBook-Pro 16
C02D2604ML85,Apple-MacBook-Pro 13
C02GD5QCML85,Apple-MacBook-Pro 13
FVFGF2K8Q05N,Apple-MacBook-Pro 13
C02G9337MD6,Apple-MacBook-Pro 16
C02CK50VMD6R,Apple-MacBook-Pro 16
C02FN8J8MD6R,Apple-MacBook-Pro 16
C02FM0CKMD6R,Apple-MacBook-Pro 16
C02FM0CNMD6R,Apple-MacBook-Pro 16
C02F51RDML85,Apple-MacBook-Pro 13
C02G44ABML85,Apple-MacBook-Pro 13
C02FL3EZML85,Apple MacBook-Pro 13
C02YH1XFJGH6,Apple-MacBook-Pro 15
C02ZL11NLVDQ,Apple-MacBook-Pro 15
C02Z823PLVDQ,Apple-MacBook-Pro 15
C02DL8GNMD6R,Apple-MacBook-Pro 16
C02F1449MD6R,Apple-MacBook-Pro 16
C02FF4YFMD6R,Apple-MacBook-Pro 16
C02FF4YEMD6R,Apple-MacBook-Pro 16
C02FK1LDMD6R,Apple-MacBook-Pro 16
C02GD3PMMD6R,Apple-MacBook-Pro 16
C02G933TMD6R,Apple-MacBook-Pro 16
C02FK1LFMD6R,Apple-MacBook-Pro 16
C02DR7CNMD6R,Apple-MacBook-Pro 16
C02G9345MD6R,Apple-MacBook-Pro 16
C02GD3PKMD6R,Apple-MacBook-Pro 16
C02F1442MD6R,Apple-MacBook-Pro 16
C02FM0C1MD6R,Apple-MacBook-Pro 16
C02DR7CBMD6R,Apple-MacBook-Pro 16
C02GD3PTMD6R,Apple-MacBook-Pro 16
C02FF4Z3MD6R,Apple-MacBook-Pro 16
C02GD3Q3MD6R,Apple-MacBook-Pro 16
C02FM0CJMD6R,Apple-MacBook-Pro 16
HR70WJ63KD,Apple-MacBook-Pro 16
C02G9340MD6R,Apple-MacBook-Pro 16
C02FN8J7MD6R,Apple-MacBook-Pro 16
C02FF4YKMD6R,Apple-MacBook-Pro 16
C02G933KMD6R,Apple-MacBook-Pro 16
C02FM0BQMD6R,Apple-MacBook-Pro 16
HH4KTDKV3F,Apple-MacBook-Pro 16
C02FF4YMMD6R,Apple-MacBook-Pro 16
HHWV3YX7D3,Apple-MacBook-Pro 16
C02G667FML85,Apple-MacBook-Pro 13
C02G667KML85,Apple-MacBook-Pro 13
C02D25ZZML85,Apple-MacBook-Pro 13
C02F5021ML85,Apple-MacBook-Pro 13
C02DT47WML85,Apple-MacBook-Pro 13
C02DT3FKML85,Apple-MacBook-Pro 13
C02D2607ML85,Apple-MacBook-Pro 13
C02DT48EML85,Apple-MacBook-Pro 13
C02DT488ML85,Apple-MacBook-Pro 13
C02FF4ETML85,Apple-MacBook-Pro 13
C02GD3Q6MD6R,Apple-MacBook-Pro 16
HKJFGJQN6M,Apple-MacBook-Pro 16
GWQYCNX9RJ,Apple-MacBook-Pro 16
C02FM0BZMD6R,Apple-MacBook-Pro 16
C02FN8HZMD6R,Apple-MacBook-Pro 16
C02G9339MD6R,Apple-MacBook-Pro 16
LQJP27N6H2,Apple-MacBook-Pro 16
C02CK50PMD6R,Apple-MacBook-Pro 16
C02FN8J5MD6R,Apple-MacBook-Pro 16
C02GD3Q7MD6R,Apple-MacBook-Pro 16
C02FM0BGMD6R,Apple-MacBook-Pro 16
C02GD5EVMD6R,Apple-MacBook-Pro 16
C02GD3QFMD6R,Apple-MacBook-Pro 16
J4JXP0226Q,Apple-MacBook-Pro 16
C02GD36HMD6R,Apple-MacBook-Pro 16
C02FD70GMD6R,Apple-MacBook-Pro 16
C02G9341MD6R,Apple-MacBook-Pro 16
C02FK1M5MD6R,Apple-MacBook-Pro 16
C02G933GMD6R,Apple-MacBook-Pro 16
C02FF4YCMD6R,Apple-MacBook-Pro 16
C02FD0SNMD6R,Apple-MacBook-Pro 16
C02F143WMD6R,Apple-MacBook-Pro 16
Y1F6THQXWW,Apple-MacBook-Pro 14
TWMWV5CQHY,Apple-MacBook-Pro 14
C02Z53TVLVDQ,Apple-MacBook-Pro 15
C02Y547QJG5J,Apple-MacBook-Pro 15
C02XW1K4JGH6,Apple-MacBook-Pro 15
C02GD5RNML85,Apple-MacBook-Pro 13
C02F143ZMD6R,Apple-MacBook-Pro 16
J035N9MQ2R,Apple-MacBook-Pro 16
C02FN8J4MD6R,Apple-MacBook-Pro 16
C02FM0CFMD6R,Apple-MacBook-Pro 16
C02FK1LZMD6R,Apple-MacBook-Pro 16
C02F143PMD6R,Apple-MacBook-Pro 16
GW0707PKG7,Apple-MacBook-Pro 16
C02GD5FDMD6R,Apple-MacBook-Pro 16
LQMV7966YW,Apple-MacBook-Pro 16
HPMF7M9K3D,Apple-MacBook-Pro 16
HYQ9HRXQMG,Apple-MacBook-Pro 16
LQGQN6M602,Apple-MacBook-Pro 16
C02G8A8XMD6R,Apple-MacBook-Pro 16
C02GD3QNMD6R,Apple-MacBook-Pro 16
C02FD11RMD6R,Apple-MacBook-Pro 16
C02GD5F3MD6R,Apple-MacBook-Pro 16
C02G8A9EMD6R,Apple-MacBook-Pro 16
C02GD3QPMD6R,Apple-MacBook-Pro 16
C02FK1LUMD6R,Apple-MacBook-Pro 16
C02FD0AJMD6R,Apple-MacBook-Pro 16
C02Y547QJG5J,Apple-MacBook-Pro 15
C02FN5JVML85,Apple-MacBook-Pro 13
C02F51S7ML85,Apple-MacBook-Pro 13
C02G431FML85,Apple-MacBook-Pro 13
C02DM2ZUMD6R,Apple-MacBook-Pro 16
C02G9331MD6R,Apple-MacBook-Pro 16
C02G9344MD6R,Apple-MacBook-Pro 16
C02FM0CEMD6R,Apple-MacBook-Pro 16
C02FM0CMMD6R,Apple-MacBook-Pro 16
HXTV09N40W,Apple-MacBook-Pro 16
C02C34QMMD6N,Apple-MacBook-Pro 16
C02CK50XMD6R,Apple-MacBook-Pro 16
CY413VPV4Y,Apple-MacBook-Pro 16
C02FF4YUMD6R,Apple-MacBook-Pro 16
C02FD0SVMD6R,Apple-MacBook-Pro 16
HT4V39QG2X,Apple-MacBook-Pro 16 TB
C02FN5JVML85,Apple-MacBook-Pro 13
C02C86UGMD6R,Apple-MacBook-Pro 16
C02D613WMD6R,Apple-MacBook-Pro 16
M74CC9Q27P,Apple-MacBook-Pro 14 M1
C02DR7BZMD6R,Apple-MacBook-Pro 16
C02D25ZSML85,Apple-MacBook-Pro 13 Intel 2020
C02DD49UMD6R,MacBook-Pro 16
N36KFH30LV,MacBook-Pro 16 M1
C02DT47YML85,MacBook-Pro 13
C02YH00JJGH6,MacBook Pro-15
C02CK505MD6R,Apple-MacBook-Pro 16
C02FN5DFML85,MacBook-Pro 13
C02FM0CDMD6R,MacBook-Pro 16
C02G9337MD6R,Apple-MacBook-Pro 16
HX0MFV4JQQ,Apple-MacBook-Pro 16
JTXFJKPYC7,Apple-MacBook Pro-14 M1
C02DR29JML85,Apple-MacBook-Pro 13
FVFGF4VBQ05N,Apple-MacBook-Pro 13
C02GD3QDMD6R,MacBook Pro 16 TB
C02C34KEMD6N,Apple-MacBook-Pro 16
C02FK1M1MD6R,Apple-MacBook-Pro 16
J95CVGCJXY,Apple-MacBook-Pro 16
GM64MGFW4C,Apple-MacBook-Pro 16
C02D6007MD6R,Apple-MacBook-Pro 16
H2HF2NMQKG,Apple-MacBook-Pro 16
C02CLC5FLVDL,Apple-MacBook-Pro 13
C02CLC5HLVDL,Apple-MacBook-Pro 13
YVXRWVFYPW,Apple-MacBook Pro-14 M1
FJJRQWM2FM,Apple-MacBook-Pro 16 M1
C02FK1LBMD6R,Apple-MacBook-Pro 16
C02FN5K3ML85,Apple-MacBook-Pro 13
C02FN5JRML85,Apple Macbook Pro 13